{
    "basic_model": {
        "precision": 0.6080894033752583,
        "recall": 0.5458786936236392,
        "mAP50": 0.5917201015708794,
        "mAP50-95": 0.2695930933544017
    },
    "cbam_model": {
        "precision": 0.6080894033752583,
        "recall": 0.5458786936236392,
        "mAP50": 0.5917201015708794,
        "mAP50-95": 0.2695930933544017
    }
}